<?xml version="1.0" encoding="UTF-8"?>
<export version="E">
  <design>
    <source>C:\Users\Gavin.Watkins\Documents\Power Electronics\Battery Tech\BMS_MSc\BMS_MSc\OCXO_Clock\OCXO_Clock.kicad_sch</source>
    <date>04/09/2023 06:09:04</date>
    <tool>Eeschema (6.0.10)</tool>
    <sheet number="1" name="/" tstamps="/">
      <title_block>
        <title/>
        <company/>
        <rev/>
        <date/>
        <source>OCXO_Clock.kicad_sch</source>
        <comment number="1" value=""/>
        <comment number="2" value=""/>
        <comment number="3" value=""/>
        <comment number="4" value=""/>
        <comment number="5" value=""/>
        <comment number="6" value=""/>
        <comment number="7" value=""/>
        <comment number="8" value=""/>
        <comment number="9" value=""/>
      </title_block>
    </sheet>
  </design>
  <components>
    <comp ref="A1">
      <value>Arduino_Nano_v2.x</value>
      <footprint>Module:Arduino_Nano</footprint>
      <datasheet>https://www.arduino.cc/en/uploads/Main/ArduinoNanoManual23.pdf</datasheet>
      <libsource lib="MCU_Module" part="Arduino_Nano_v2.x" description="Arduino Nano v2.x"/>
      <property name="Sheetname" value=""/>
      <property name="Sheetfile" value="OCXO_Clock.kicad_sch"/>
      <sheetpath names="/" tstamps="/"/>
      <tstamps>e7883980-eccd-4807-95e1-9e1c7df67868</tstamps>
    </comp>
    <comp ref="A2">
      <value>Adafruit_Feather_Generic</value>
      <footprint>Module:Adafruit_Feather</footprint>
      <datasheet>https://cdn-learn.adafruit.com/downloads/pdf/adafruit-feather.pdf</datasheet>
      <libsource lib="MCU_Module" part="Adafruit_Feather_Generic" description="Microcontroller module in various flavor, generic symbol"/>
      <property name="Sheetname" value=""/>
      <property name="Sheetfile" value="OCXO_Clock.kicad_sch"/>
      <sheetpath names="/" tstamps="/"/>
      <tstamps>94df1841-0262-42eb-850b-db738b4603cb</tstamps>
    </comp>
    <comp ref="A3">
      <value>Adafruit_Feather_Generic</value>
      <footprint>Module:Adafruit_Feather</footprint>
      <datasheet>https://cdn-learn.adafruit.com/downloads/pdf/adafruit-feather.pdf</datasheet>
      <libsource lib="MCU_Module" part="Adafruit_Feather_Generic" description="Microcontroller module in various flavor, generic symbol"/>
      <property name="Sheetname" value=""/>
      <property name="Sheetfile" value="OCXO_Clock.kicad_sch"/>
      <sheetpath names="/" tstamps="/"/>
      <tstamps>4bdbe2f3-0d25-4750-aca3-0b79c5139406</tstamps>
    </comp>
    <comp ref="A4">
      <value>Adafruit_Feather_Generic</value>
      <footprint>Module:Adafruit_Feather</footprint>
      <datasheet>https://cdn-learn.adafruit.com/downloads/pdf/adafruit-feather.pdf</datasheet>
      <libsource lib="MCU_Module" part="Adafruit_Feather_Generic" description="Microcontroller module in various flavor, generic symbol"/>
      <property name="Sheetname" value=""/>
      <property name="Sheetfile" value="OCXO_Clock.kicad_sch"/>
      <sheetpath names="/" tstamps="/"/>
      <tstamps>5ec5303e-9298-426d-8154-e86aa76818f8</tstamps>
    </comp>
    <comp ref="A5">
      <value>Adafruit_Feather_Generic</value>
      <footprint>Module:Adafruit_Feather</footprint>
      <datasheet>https://cdn-learn.adafruit.com/downloads/pdf/adafruit-feather.pdf</datasheet>
      <libsource lib="MCU_Module" part="Adafruit_Feather_Generic" description="Microcontroller module in various flavor, generic symbol"/>
      <property name="Sheetname" value=""/>
      <property name="Sheetfile" value="OCXO_Clock.kicad_sch"/>
      <sheetpath names="/" tstamps="/"/>
      <tstamps>3a764a5b-545f-4518-b79c-7f41c4c89fec</tstamps>
    </comp>
    <comp ref="A6">
      <value>Adafruit_Feather_Generic</value>
      <footprint>Module:Adafruit_Feather</footprint>
      <datasheet>https://cdn-learn.adafruit.com/downloads/pdf/adafruit-feather.pdf</datasheet>
      <libsource lib="MCU_Module" part="Adafruit_Feather_Generic" description="Microcontroller module in various flavor, generic symbol"/>
      <property name="Sheetname" value=""/>
      <property name="Sheetfile" value="OCXO_Clock.kicad_sch"/>
      <sheetpath names="/" tstamps="/"/>
      <tstamps>f3f98a18-bc4e-4807-9867-78e661bff48b</tstamps>
    </comp>
    <comp ref="A7">
      <value>Adafruit_Feather_Generic</value>
      <footprint>Module:Adafruit_Feather</footprint>
      <datasheet>https://cdn-learn.adafruit.com/downloads/pdf/adafruit-feather.pdf</datasheet>
      <libsource lib="MCU_Module" part="Adafruit_Feather_Generic" description="Microcontroller module in various flavor, generic symbol"/>
      <property name="Sheetname" value=""/>
      <property name="Sheetfile" value="OCXO_Clock.kicad_sch"/>
      <sheetpath names="/" tstamps="/"/>
      <tstamps>f183a052-0d7e-4a90-8ea0-eabaffa22b8e</tstamps>
    </comp>
    <comp ref="A8">
      <value>9548_Module</value>
      <footprint>OCXO_Clock:9548_Module</footprint>
      <libsource lib="OCXO_Clock" part="9548_Module" description=""/>
      <property name="Sheetname" value=""/>
      <property name="Sheetfile" value="OCXO_Clock.kicad_sch"/>
      <sheetpath names="/" tstamps="/"/>
      <tstamps>1426d5ba-e4e6-4416-8851-91d0afc12486</tstamps>
    </comp>
    <comp ref="C1">
      <value>100u</value>
      <footprint>Capacitor_THT:CP_Radial_D7.5mm_P2.50mm</footprint>
      <libsource lib="Device" part="C_Polarized_Small" description="Polarized capacitor, small symbol"/>
      <property name="Sheetname" value=""/>
      <property name="Sheetfile" value="OCXO_Clock.kicad_sch"/>
      <sheetpath names="/" tstamps="/"/>
      <tstamps>d49f416b-0f9e-4a15-ae6e-c451a294d001</tstamps>
    </comp>
    <comp ref="C2">
      <value>100n</value>
      <footprint>Capacitor_THT:C_Rect_L7.0mm_W2.5mm_P5.00mm</footprint>
      <libsource lib="Device" part="C_Small" description="Unpolarized capacitor, small symbol"/>
      <property name="Sheetname" value=""/>
      <property name="Sheetfile" value="OCXO_Clock.kicad_sch"/>
      <sheetpath names="/" tstamps="/"/>
      <tstamps>99f6e21f-f591-44d3-a988-615655fcfbb5</tstamps>
    </comp>
    <comp ref="C3">
      <value>100n</value>
      <footprint>Capacitor_THT:C_Rect_L7.0mm_W2.5mm_P5.00mm</footprint>
      <libsource lib="Device" part="C_Small" description="Unpolarized capacitor, small symbol"/>
      <property name="Sheetname" value=""/>
      <property name="Sheetfile" value="OCXO_Clock.kicad_sch"/>
      <sheetpath names="/" tstamps="/"/>
      <tstamps>998c7cb8-ae01-47fa-ab33-938bf5f2d8cc</tstamps>
    </comp>
    <comp ref="C4">
      <value>100n</value>
      <footprint>Capacitor_THT:C_Rect_L7.0mm_W2.5mm_P5.00mm</footprint>
      <libsource lib="Device" part="C_Small" description="Unpolarized capacitor, small symbol"/>
      <property name="Sheetname" value=""/>
      <property name="Sheetfile" value="OCXO_Clock.kicad_sch"/>
      <sheetpath names="/" tstamps="/"/>
      <tstamps>eb033e5b-cede-4638-8e08-512f02addaee</tstamps>
    </comp>
    <comp ref="C5">
      <value>100u</value>
      <footprint>Capacitor_THT:CP_Radial_D7.5mm_P2.50mm</footprint>
      <libsource lib="Device" part="C_Polarized_Small" description="Polarized capacitor, small symbol"/>
      <property name="Sheetname" value=""/>
      <property name="Sheetfile" value="OCXO_Clock.kicad_sch"/>
      <sheetpath names="/" tstamps="/"/>
      <tstamps>cee1d962-4ab1-403c-a56d-1b268a563b46</tstamps>
    </comp>
    <comp ref="C6">
      <value>100u</value>
      <footprint>Capacitor_THT:CP_Radial_D7.5mm_P2.50mm</footprint>
      <libsource lib="Device" part="C_Polarized_Small" description="Polarized capacitor, small symbol"/>
      <property name="Sheetname" value=""/>
      <property name="Sheetfile" value="OCXO_Clock.kicad_sch"/>
      <sheetpath names="/" tstamps="/"/>
      <tstamps>0e7f5131-8731-4007-8be2-4ade26ab7ed9</tstamps>
    </comp>
    <comp ref="C7">
      <value>100n</value>
      <footprint>Capacitor_THT:C_Rect_L7.0mm_W2.5mm_P5.00mm</footprint>
      <libsource lib="Device" part="C_Small" description="Unpolarized capacitor, small symbol"/>
      <property name="Sheetname" value=""/>
      <property name="Sheetfile" value="OCXO_Clock.kicad_sch"/>
      <sheetpath names="/" tstamps="/"/>
      <tstamps>ae6aa2bb-9e81-4e79-8ea7-e6c35d8e7bce</tstamps>
    </comp>
    <comp ref="C8">
      <value>100n</value>
      <footprint>Capacitor_THT:C_Rect_L7.0mm_W2.5mm_P5.00mm</footprint>
      <libsource lib="Device" part="C_Small" description="Unpolarized capacitor, small symbol"/>
      <property name="Sheetname" value=""/>
      <property name="Sheetfile" value="OCXO_Clock.kicad_sch"/>
      <sheetpath names="/" tstamps="/"/>
      <tstamps>b6fb1fb3-2b88-43be-b298-71de255cd4b0</tstamps>
    </comp>
    <comp ref="C9">
      <value>100u</value>
      <footprint>Capacitor_THT:CP_Radial_D7.5mm_P2.50mm</footprint>
      <libsource lib="Device" part="C_Polarized_Small" description="Polarized capacitor, small symbol"/>
      <property name="Sheetname" value=""/>
      <property name="Sheetfile" value="OCXO_Clock.kicad_sch"/>
      <sheetpath names="/" tstamps="/"/>
      <tstamps>0cd1e91c-bfa4-4577-bbd4-45c837aeb5b5</tstamps>
    </comp>
    <comp ref="C10">
      <value>100n</value>
      <footprint>Capacitor_THT:C_Rect_L7.0mm_W2.5mm_P5.00mm</footprint>
      <libsource lib="Device" part="C_Small" description="Unpolarized capacitor, small symbol"/>
      <property name="Sheetname" value=""/>
      <property name="Sheetfile" value="OCXO_Clock.kicad_sch"/>
      <sheetpath names="/" tstamps="/"/>
      <tstamps>0b35ba74-71f8-43e4-8810-fa764c0ae6c4</tstamps>
    </comp>
    <comp ref="C11">
      <value>100u</value>
      <footprint>Capacitor_THT:CP_Radial_D7.5mm_P2.50mm</footprint>
      <libsource lib="Device" part="C_Polarized_Small" description="Polarized capacitor, small symbol"/>
      <property name="Sheetname" value=""/>
      <property name="Sheetfile" value="OCXO_Clock.kicad_sch"/>
      <sheetpath names="/" tstamps="/"/>
      <tstamps>1be36a4e-3a42-4751-92c1-f3aba56596ac</tstamps>
    </comp>
    <comp ref="C12">
      <value>100n</value>
      <footprint>Capacitor_THT:C_Rect_L7.0mm_W2.5mm_P5.00mm</footprint>
      <libsource lib="Device" part="C_Small" description="Unpolarized capacitor, small symbol"/>
      <property name="Sheetname" value=""/>
      <property name="Sheetfile" value="OCXO_Clock.kicad_sch"/>
      <sheetpath names="/" tstamps="/"/>
      <tstamps>d75fd9a3-feb9-47a3-8d57-539bdd57c2eb</tstamps>
    </comp>
    <comp ref="D1">
      <value>LED</value>
      <footprint>LED_THT:LED_D3.0mm</footprint>
      <libsource lib="Device" part="LED" description="Light emitting diode"/>
      <property name="Sheetname" value=""/>
      <property name="Sheetfile" value="OCXO_Clock.kicad_sch"/>
      <sheetpath names="/" tstamps="/"/>
      <tstamps>4eda1f55-a6d8-4fc4-8437-16e8d949faf7</tstamps>
    </comp>
    <comp ref="D2">
      <value>LED</value>
      <footprint>LED_THT:LED_D3.0mm</footprint>
      <libsource lib="Device" part="LED" description="Light emitting diode"/>
      <property name="Sheetname" value=""/>
      <property name="Sheetfile" value="OCXO_Clock.kicad_sch"/>
      <sheetpath names="/" tstamps="/"/>
      <tstamps>0636ca7f-3a2e-4887-b112-a9f2f15d195d</tstamps>
    </comp>
    <comp ref="D3">
      <value>LED</value>
      <footprint>LED_THT:LED_D3.0mm</footprint>
      <libsource lib="Device" part="LED" description="Light emitting diode"/>
      <property name="Sheetname" value=""/>
      <property name="Sheetfile" value="OCXO_Clock.kicad_sch"/>
      <sheetpath names="/" tstamps="/"/>
      <tstamps>635c3670-f266-46ce-bf85-96558ba6335c</tstamps>
    </comp>
    <comp ref="D4">
      <value>LED</value>
      <footprint>LED_THT:LED_D3.0mm</footprint>
      <libsource lib="Device" part="LED" description="Light emitting diode"/>
      <property name="Sheetname" value=""/>
      <property name="Sheetfile" value="OCXO_Clock.kicad_sch"/>
      <sheetpath names="/" tstamps="/"/>
      <tstamps>bd2aa290-c43d-49f0-beb4-01469927885f</tstamps>
    </comp>
    <comp ref="J1">
      <value>Conn_01x07_Female</value>
      <footprint>Connector_PinHeader_2.54mm:PinHeader_1x07_P2.54mm_Vertical</footprint>
      <libsource lib="Connector" part="Conn_01x07_Female" description="Generic connector, single row, 01x07, script generated (kicad-library-utils/schlib/autogen/connector/)"/>
      <property name="Sheetname" value=""/>
      <property name="Sheetfile" value="OCXO_Clock.kicad_sch"/>
      <sheetpath names="/" tstamps="/"/>
      <tstamps>65faefc6-03b8-4276-881d-293ca0569675</tstamps>
    </comp>
    <comp ref="J2">
      <value>Conn_01x07_Male</value>
      <footprint>Connector_PinSocket_2.54mm:PinSocket_1x07_P2.54mm_Vertical</footprint>
      <libsource lib="Connector" part="Conn_01x07_Male" description="Generic connector, single row, 01x07, script generated (kicad-library-utils/schlib/autogen/connector/)"/>
      <property name="Sheetname" value=""/>
      <property name="Sheetfile" value="OCXO_Clock.kicad_sch"/>
      <sheetpath names="/" tstamps="/"/>
      <tstamps>6b7e5b20-b02d-44be-b013-f53611e6fe1a</tstamps>
    </comp>
    <comp ref="J3">
      <value>Conn_01x14_Female</value>
      <footprint>Connector_Molex:Molex_KK-254_AE-6410-14A_1x14_P2.54mm_Vertical</footprint>
      <libsource lib="Connector" part="Conn_01x14_Female" description="Generic connector, single row, 01x14, script generated (kicad-library-utils/schlib/autogen/connector/)"/>
      <property name="Sheetname" value=""/>
      <property name="Sheetfile" value="OCXO_Clock.kicad_sch"/>
      <sheetpath names="/" tstamps="/"/>
      <tstamps>a57aa9ea-64d4-494e-aed5-df4734e1ba7c</tstamps>
    </comp>
    <comp ref="J4">
      <value>Conn_01x14_Male</value>
      <footprint>Connector_Molex:Molex_KK-254_AE-6410-14A_1x14_P2.54mm_Vertical</footprint>
      <libsource lib="Connector" part="Conn_01x14_Male" description="Generic connector, single row, 01x14, script generated (kicad-library-utils/schlib/autogen/connector/)"/>
      <property name="Sheetname" value=""/>
      <property name="Sheetfile" value="OCXO_Clock.kicad_sch"/>
      <sheetpath names="/" tstamps="/"/>
      <tstamps>3a138431-845c-4a3b-a608-85c4de0757b1</tstamps>
    </comp>
    <comp ref="R1">
      <value>470R</value>
      <footprint>Resistor_THT:R_Axial_DIN0207_L6.3mm_D2.5mm_P10.16mm_Horizontal</footprint>
      <libsource lib="Device" part="R" description="Resistor"/>
      <property name="Sheetname" value=""/>
      <property name="Sheetfile" value="OCXO_Clock.kicad_sch"/>
      <sheetpath names="/" tstamps="/"/>
      <tstamps>d2973874-fea7-4d46-8476-1c7ee6a02e33</tstamps>
    </comp>
    <comp ref="R2">
      <value>470R</value>
      <footprint>Resistor_THT:R_Axial_DIN0207_L6.3mm_D2.5mm_P10.16mm_Horizontal</footprint>
      <libsource lib="Device" part="R" description="Resistor"/>
      <property name="Sheetname" value=""/>
      <property name="Sheetfile" value="OCXO_Clock.kicad_sch"/>
      <sheetpath names="/" tstamps="/"/>
      <tstamps>b75e8652-5b74-4063-9783-cae1da712932</tstamps>
    </comp>
    <comp ref="R3">
      <value>10k</value>
      <footprint>Resistor_THT:R_Axial_DIN0207_L6.3mm_D2.5mm_P10.16mm_Horizontal</footprint>
      <libsource lib="Device" part="R" description="Resistor"/>
      <property name="Sheetname" value=""/>
      <property name="Sheetfile" value="OCXO_Clock.kicad_sch"/>
      <sheetpath names="/" tstamps="/"/>
      <tstamps>e823f982-3956-45f9-8323-bb5e4ead825f</tstamps>
    </comp>
    <comp ref="R4">
      <value>10k</value>
      <footprint>Resistor_THT:R_Axial_DIN0207_L6.3mm_D2.5mm_P10.16mm_Horizontal</footprint>
      <libsource lib="Device" part="R" description="Resistor"/>
      <property name="Sheetname" value=""/>
      <property name="Sheetfile" value="OCXO_Clock.kicad_sch"/>
      <sheetpath names="/" tstamps="/"/>
      <tstamps>6d6fd6e9-5954-4faf-98d8-d9822f77aeaa</tstamps>
    </comp>
    <comp ref="R5">
      <value>10k</value>
      <footprint>Resistor_THT:R_Axial_DIN0207_L6.3mm_D2.5mm_P10.16mm_Horizontal</footprint>
      <libsource lib="Device" part="R" description="Resistor"/>
      <property name="Sheetname" value=""/>
      <property name="Sheetfile" value="OCXO_Clock.kicad_sch"/>
      <sheetpath names="/" tstamps="/"/>
      <tstamps>ee157e74-2ea7-4e4e-bc43-312810c73d3a</tstamps>
    </comp>
    <comp ref="R6">
      <value>10k</value>
      <footprint>Resistor_THT:R_Axial_DIN0207_L6.3mm_D2.5mm_P10.16mm_Horizontal</footprint>
      <libsource lib="Device" part="R" description="Resistor"/>
      <property name="Sheetname" value=""/>
      <property name="Sheetfile" value="OCXO_Clock.kicad_sch"/>
      <sheetpath names="/" tstamps="/"/>
      <tstamps>39cea040-c997-4f38-af12-2bee8a0c6d7b</tstamps>
    </comp>
    <comp ref="R7">
      <value>10k</value>
      <footprint>Resistor_THT:R_Axial_DIN0207_L6.3mm_D2.5mm_P10.16mm_Horizontal</footprint>
      <libsource lib="Device" part="R" description="Resistor"/>
      <property name="Sheetname" value=""/>
      <property name="Sheetfile" value="OCXO_Clock.kicad_sch"/>
      <sheetpath names="/" tstamps="/"/>
      <tstamps>4b7ec6c1-e2c8-46eb-b0de-1ca707f36e0c</tstamps>
    </comp>
    <comp ref="R8">
      <value>10k</value>
      <footprint>Resistor_THT:R_Axial_DIN0207_L6.3mm_D2.5mm_P10.16mm_Horizontal</footprint>
      <libsource lib="Device" part="R" description="Resistor"/>
      <property name="Sheetname" value=""/>
      <property name="Sheetfile" value="OCXO_Clock.kicad_sch"/>
      <sheetpath names="/" tstamps="/"/>
      <tstamps>14c58634-35fe-4b30-96b5-6227767c416f</tstamps>
    </comp>
    <comp ref="R9">
      <value>10k</value>
      <footprint>Resistor_THT:R_Axial_DIN0207_L6.3mm_D2.5mm_P10.16mm_Horizontal</footprint>
      <libsource lib="Device" part="R" description="Resistor"/>
      <property name="Sheetname" value=""/>
      <property name="Sheetfile" value="OCXO_Clock.kicad_sch"/>
      <sheetpath names="/" tstamps="/"/>
      <tstamps>496f48dc-effb-4d2c-af92-e478bd5fd9af</tstamps>
    </comp>
    <comp ref="R10">
      <value>10k</value>
      <footprint>Resistor_THT:R_Axial_DIN0207_L6.3mm_D2.5mm_P10.16mm_Horizontal</footprint>
      <libsource lib="Device" part="R" description="Resistor"/>
      <property name="Sheetname" value=""/>
      <property name="Sheetfile" value="OCXO_Clock.kicad_sch"/>
      <sheetpath names="/" tstamps="/"/>
      <tstamps>54c038d9-3e3b-4766-8e52-41653c68b412</tstamps>
    </comp>
    <comp ref="SW1">
      <value>RotaryEncoder_Switch</value>
      <footprint>Rotary_Encoder:RotaryEncoder_Bourns_Vertical_PEC12R-3xxxF-Sxxxx</footprint>
      <libsource lib="Device" part="RotaryEncoder_Switch" description="Rotary encoder, dual channel, incremental quadrate outputs, with switch"/>
      <property name="Sheetname" value=""/>
      <property name="Sheetfile" value="OCXO_Clock.kicad_sch"/>
      <sheetpath names="/" tstamps="/"/>
      <tstamps>87a7f28d-4936-409c-bf02-4b4931fa4141</tstamps>
    </comp>
    <comp ref="U1">
      <value>LD1117V33C</value>
      <footprint>Package_TO_SOT_THT:TO-220-3_Vertical</footprint>
      <datasheet>https://www.analog.com/media/en/technical-documentation/data-sheets/1083ffe.pdf</datasheet>
      <libsource lib="Regulator_Linear" part="LT1083-3.3" description="7.5A 20V LDO Linear Regulator, Fixed Output 3.3V, TO-220/TO-263"/>
      <property name="Sheetname" value=""/>
      <property name="Sheetfile" value="OCXO_Clock.kicad_sch"/>
      <sheetpath names="/" tstamps="/"/>
      <tstamps>310041df-9729-4b5c-ae22-c6b3cabb0078</tstamps>
    </comp>
    <comp ref="U2">
      <value>LD1117V33C</value>
      <footprint>Package_TO_SOT_THT:TO-220-3_Vertical</footprint>
      <datasheet>https://www.analog.com/media/en/technical-documentation/data-sheets/1083ffe.pdf</datasheet>
      <libsource lib="Regulator_Linear" part="LT1083-3.3" description="7.5A 20V LDO Linear Regulator, Fixed Output 3.3V, TO-220/TO-263"/>
      <property name="Sheetname" value=""/>
      <property name="Sheetfile" value="OCXO_Clock.kicad_sch"/>
      <sheetpath names="/" tstamps="/"/>
      <tstamps>e9900655-079c-4bf6-95e6-f3e80c66701b</tstamps>
    </comp>
    <comp ref="U3">
      <value>74HC191</value>
      <footprint>Package_DIP:DIP-16_W7.62mm_LongPads</footprint>
      <datasheet>http://www.ti.com/lit/gpn/sn74LS191</datasheet>
      <libsource lib="74xx" part="74LS191" description="4-bit Synchronous Up/Down binary Counter"/>
      <property name="Sheetname" value=""/>
      <property name="Sheetfile" value="OCXO_Clock.kicad_sch"/>
      <sheetpath names="/" tstamps="/"/>
      <tstamps>bc7ec332-6903-463a-9244-3fac2cc88d3b</tstamps>
    </comp>
    <comp ref="X1">
      <value>OCXO-14</value>
      <footprint>Oscillator:Oscillator_DIP-14</footprint>
      <datasheet>http://www.petermann-technik.de/fileadmin/petermann/pdf/crystal-oscillators/OCXO-14_PETERMANN-TECHNIK.pdf</datasheet>
      <libsource lib="Oscillator" part="OCXO-14" description="Voltage-Controlled Crystal Clock Oscillator, DIP14-style metal package"/>
      <property name="Sheetname" value=""/>
      <property name="Sheetfile" value="OCXO_Clock.kicad_sch"/>
      <sheetpath names="/" tstamps="/"/>
      <tstamps>49824d9a-4bbb-434a-a428-170fff5ecf16</tstamps>
    </comp>
  </components>
  <libparts>
    <libpart lib="74xx" part="74LS191">
      <description>4-bit Synchronous Up/Down binary Counter</description>
      <docs>http://www.ti.com/lit/gpn/sn74LS191</docs>
      <footprints>
        <fp>DIP?16*</fp>
      </footprints>
      <fields>
        <field name="Reference">U</field>
        <field name="Value">74LS191</field>
        <field name="Datasheet">http://www.ti.com/lit/gpn/sn74LS191</field>
      </fields>
      <pins>
        <pin num="1" name="P1" type="input"/>
        <pin num="2" name="Q1" type="output"/>
        <pin num="3" name="Q0" type="output"/>
        <pin num="4" name="Ce" type="input"/>
        <pin num="5" name="D/U" type="input"/>
        <pin num="6" name="Q2" type="output"/>
        <pin num="7" name="Q3" type="output"/>
        <pin num="8" name="GND" type="power_in"/>
        <pin num="9" name="P3" type="input"/>
        <pin num="10" name="P2" type="input"/>
        <pin num="11" name="Pl" type="input"/>
        <pin num="12" name="Tc" type="output"/>
        <pin num="13" name="Rc" type="output"/>
        <pin num="14" name="Cp" type="input"/>
        <pin num="15" name="P0" type="input"/>
        <pin num="16" name="VCC" type="power_in"/>
      </pins>
    </libpart>
    <libpart lib="Connector" part="Conn_01x07_Female">
      <description>Generic connector, single row, 01x07, script generated (kicad-library-utils/schlib/autogen/connector/)</description>
      <docs>~</docs>
      <footprints>
        <fp>Connector*:*_1x??_*</fp>
      </footprints>
      <fields>
        <field name="Reference">J</field>
        <field name="Value">Conn_01x07_Female</field>
        <field name="Datasheet">~</field>
      </fields>
      <pins>
        <pin num="1" name="Pin_1" type="passive"/>
        <pin num="2" name="Pin_2" type="passive"/>
        <pin num="3" name="Pin_3" type="passive"/>
        <pin num="4" name="Pin_4" type="passive"/>
        <pin num="5" name="Pin_5" type="passive"/>
        <pin num="6" name="Pin_6" type="passive"/>
        <pin num="7" name="Pin_7" type="passive"/>
      </pins>
    </libpart>
    <libpart lib="Connector" part="Conn_01x07_Male">
      <description>Generic connector, single row, 01x07, script generated (kicad-library-utils/schlib/autogen/connector/)</description>
      <docs>~</docs>
      <footprints>
        <fp>Connector*:*_1x??_*</fp>
      </footprints>
      <fields>
        <field name="Reference">J</field>
        <field name="Value">Conn_01x07_Male</field>
        <field name="Datasheet">~</field>
      </fields>
      <pins>
        <pin num="1" name="Pin_1" type="passive"/>
        <pin num="2" name="Pin_2" type="passive"/>
        <pin num="3" name="Pin_3" type="passive"/>
        <pin num="4" name="Pin_4" type="passive"/>
        <pin num="5" name="Pin_5" type="passive"/>
        <pin num="6" name="Pin_6" type="passive"/>
        <pin num="7" name="Pin_7" type="passive"/>
      </pins>
    </libpart>
    <libpart lib="Connector" part="Conn_01x14_Female">
      <description>Generic connector, single row, 01x14, script generated (kicad-library-utils/schlib/autogen/connector/)</description>
      <docs>~</docs>
      <footprints>
        <fp>Connector*:*_1x??_*</fp>
      </footprints>
      <fields>
        <field name="Reference">J</field>
        <field name="Value">Conn_01x14_Female</field>
        <field name="Datasheet">~</field>
      </fields>
      <pins>
        <pin num="1" name="Pin_1" type="passive"/>
        <pin num="2" name="Pin_2" type="passive"/>
        <pin num="3" name="Pin_3" type="passive"/>
        <pin num="4" name="Pin_4" type="passive"/>
        <pin num="5" name="Pin_5" type="passive"/>
        <pin num="6" name="Pin_6" type="passive"/>
        <pin num="7" name="Pin_7" type="passive"/>
        <pin num="8" name="Pin_8" type="passive"/>
        <pin num="9" name="Pin_9" type="passive"/>
        <pin num="10" name="Pin_10" type="passive"/>
        <pin num="11" name="Pin_11" type="passive"/>
        <pin num="12" name="Pin_12" type="passive"/>
        <pin num="13" name="Pin_13" type="passive"/>
        <pin num="14" name="Pin_14" type="passive"/>
      </pins>
    </libpart>
    <libpart lib="Connector" part="Conn_01x14_Male">
      <description>Generic connector, single row, 01x14, script generated (kicad-library-utils/schlib/autogen/connector/)</description>
      <docs>~</docs>
      <footprints>
        <fp>Connector*:*_1x??_*</fp>
      </footprints>
      <fields>
        <field name="Reference">J</field>
        <field name="Value">Conn_01x14_Male</field>
        <field name="Datasheet">~</field>
      </fields>
      <pins>
        <pin num="1" name="Pin_1" type="passive"/>
        <pin num="2" name="Pin_2" type="passive"/>
        <pin num="3" name="Pin_3" type="passive"/>
        <pin num="4" name="Pin_4" type="passive"/>
        <pin num="5" name="Pin_5" type="passive"/>
        <pin num="6" name="Pin_6" type="passive"/>
        <pin num="7" name="Pin_7" type="passive"/>
        <pin num="8" name="Pin_8" type="passive"/>
        <pin num="9" name="Pin_9" type="passive"/>
        <pin num="10" name="Pin_10" type="passive"/>
        <pin num="11" name="Pin_11" type="passive"/>
        <pin num="12" name="Pin_12" type="passive"/>
        <pin num="13" name="Pin_13" type="passive"/>
        <pin num="14" name="Pin_14" type="passive"/>
      </pins>
    </libpart>
    <libpart lib="Device" part="C_Polarized_Small">
      <description>Polarized capacitor, small symbol</description>
      <docs>~</docs>
      <footprints>
        <fp>CP_*</fp>
      </footprints>
      <fields>
        <field name="Reference">C</field>
        <field name="Value">C_Polarized_Small</field>
        <field name="Datasheet">~</field>
      </fields>
      <pins>
        <pin num="1" name="" type="passive"/>
        <pin num="2" name="" type="passive"/>
      </pins>
    </libpart>
    <libpart lib="Device" part="C_Small">
      <description>Unpolarized capacitor, small symbol</description>
      <docs>~</docs>
      <footprints>
        <fp>C_*</fp>
      </footprints>
      <fields>
        <field name="Reference">C</field>
        <field name="Value">C_Small</field>
        <field name="Datasheet">~</field>
      </fields>
      <pins>
        <pin num="1" name="" type="passive"/>
        <pin num="2" name="" type="passive"/>
      </pins>
    </libpart>
    <libpart lib="Device" part="LED">
      <description>Light emitting diode</description>
      <docs>~</docs>
      <footprints>
        <fp>LED*</fp>
        <fp>LED_SMD:*</fp>
        <fp>LED_THT:*</fp>
      </footprints>
      <fields>
        <field name="Reference">D</field>
        <field name="Value">LED</field>
        <field name="Datasheet">~</field>
      </fields>
      <pins>
        <pin num="1" name="K" type="passive"/>
        <pin num="2" name="A" type="passive"/>
      </pins>
    </libpart>
    <libpart lib="Device" part="R">
      <description>Resistor</description>
      <docs>~</docs>
      <footprints>
        <fp>R_*</fp>
      </footprints>
      <fields>
        <field name="Reference">R</field>
        <field name="Value">R</field>
        <field name="Datasheet">~</field>
      </fields>
      <pins>
        <pin num="1" name="" type="passive"/>
        <pin num="2" name="" type="passive"/>
      </pins>
    </libpart>
    <libpart lib="Device" part="RotaryEncoder_Switch">
      <description>Rotary encoder, dual channel, incremental quadrate outputs, with switch</description>
      <docs>~</docs>
      <footprints>
        <fp>RotaryEncoder*Switch*</fp>
      </footprints>
      <fields>
        <field name="Reference">SW</field>
        <field name="Value">RotaryEncoder_Switch</field>
        <field name="Datasheet">~</field>
      </fields>
      <pins>
        <pin num="A" name="A" type="passive"/>
        <pin num="B" name="B" type="passive"/>
        <pin num="C" name="C" type="passive"/>
        <pin num="S1" name="S1" type="passive"/>
        <pin num="S2" name="S2" type="passive"/>
      </pins>
    </libpart>
    <libpart lib="MCU_Module" part="Adafruit_Feather_Generic">
      <description>Microcontroller module in various flavor, generic symbol</description>
      <docs>https://cdn-learn.adafruit.com/downloads/pdf/adafruit-feather.pdf</docs>
      <footprints>
        <fp>Adafruit*Feather*</fp>
      </footprints>
      <fields>
        <field name="Reference">A</field>
        <field name="Value">Adafruit_Feather_Generic</field>
        <field name="Footprint">Module:Adafruit_Feather</field>
        <field name="Datasheet">https://cdn-learn.adafruit.com/downloads/pdf/adafruit-feather.pdf</field>
      </fields>
      <pins>
        <pin num="1" name="~{RESET}" type="input"/>
        <pin num="2" name="3V3" type="power_in"/>
        <pin num="3" name="AREF" type="input"/>
        <pin num="4" name="GND" type="power_in"/>
        <pin num="5" name="A0" type="bidirectional"/>
        <pin num="6" name="A1" type="bidirectional"/>
        <pin num="7" name="A2" type="bidirectional"/>
        <pin num="8" name="A3" type="bidirectional"/>
        <pin num="9" name="A4" type="bidirectional"/>
        <pin num="10" name="A5" type="bidirectional"/>
        <pin num="11" name="SCK" type="bidirectional"/>
        <pin num="12" name="MOSI" type="bidirectional"/>
        <pin num="13" name="MISO" type="bidirectional"/>
        <pin num="14" name="RX" type="bidirectional"/>
        <pin num="15" name="TX" type="bidirectional"/>
        <pin num="16" name="SPARE" type="bidirectional"/>
        <pin num="17" name="SDA" type="bidirectional"/>
        <pin num="18" name="SCL" type="bidirectional"/>
        <pin num="19" name="D0" type="bidirectional"/>
        <pin num="20" name="D1" type="bidirectional"/>
        <pin num="21" name="D2" type="bidirectional"/>
        <pin num="22" name="D3" type="bidirectional"/>
        <pin num="23" name="D4" type="bidirectional"/>
        <pin num="24" name="D5" type="bidirectional"/>
        <pin num="25" name="D6" type="bidirectional"/>
        <pin num="26" name="USB" type="power_in"/>
        <pin num="27" name="EN" type="input"/>
        <pin num="28" name="VBAT" type="power_in"/>
      </pins>
    </libpart>
    <libpart lib="MCU_Module" part="Arduino_Nano_v2.x">
      <description>Arduino Nano v2.x</description>
      <docs>https://www.arduino.cc/en/uploads/Main/ArduinoNanoManual23.pdf</docs>
      <footprints>
        <fp>Arduino*Nano*</fp>
      </footprints>
      <fields>
        <field name="Reference">A</field>
        <field name="Value">Arduino_Nano_v2.x</field>
        <field name="Footprint">Module:Arduino_Nano</field>
        <field name="Datasheet">https://www.arduino.cc/en/uploads/Main/ArduinoNanoManual23.pdf</field>
      </fields>
      <pins>
        <pin num="1" name="D1/TX" type="bidirectional"/>
        <pin num="2" name="D0/RX" type="bidirectional"/>
        <pin num="3" name="~{RESET}" type="input"/>
        <pin num="4" name="GND" type="power_in"/>
        <pin num="5" name="D2" type="bidirectional"/>
        <pin num="6" name="D3" type="bidirectional"/>
        <pin num="7" name="D4" type="bidirectional"/>
        <pin num="8" name="D5" type="bidirectional"/>
        <pin num="9" name="D6" type="bidirectional"/>
        <pin num="10" name="D7" type="bidirectional"/>
        <pin num="11" name="D8" type="bidirectional"/>
        <pin num="12" name="D9" type="bidirectional"/>
        <pin num="13" name="D10" type="bidirectional"/>
        <pin num="14" name="D11" type="bidirectional"/>
        <pin num="15" name="D12" type="bidirectional"/>
        <pin num="16" name="D13" type="bidirectional"/>
        <pin num="17" name="3V3" type="power_out"/>
        <pin num="18" name="AREF" type="input"/>
        <pin num="19" name="A0" type="bidirectional"/>
        <pin num="20" name="A1" type="bidirectional"/>
        <pin num="21" name="A2" type="bidirectional"/>
        <pin num="22" name="A3" type="bidirectional"/>
        <pin num="23" name="A4" type="bidirectional"/>
        <pin num="24" name="A5" type="bidirectional"/>
        <pin num="25" name="A6" type="bidirectional"/>
        <pin num="26" name="A7" type="bidirectional"/>
        <pin num="27" name="+5V" type="power_out"/>
        <pin num="28" name="~{RESET}" type="input"/>
        <pin num="29" name="GND" type="power_in"/>
        <pin num="30" name="VIN" type="power_in"/>
      </pins>
    </libpart>
    <libpart lib="OCXO_Clock" part="9548_Module">
      <fields>
        <field name="Reference">A</field>
        <field name="Value">9548_Module</field>
        <field name="Footprint">OCXO_Clock:9548_Module</field>
      </fields>
      <pins>
        <pin num="1" name="VCC" type="power_in"/>
        <pin num="2" name="GND" type="power_in"/>
        <pin num="3" name="SDA" type="bidirectional"/>
        <pin num="4" name="SCL" type="input"/>
        <pin num="5" name="~{RESET}" type="input"/>
        <pin num="6" name="A0" type="input"/>
        <pin num="7" name="A1" type="input"/>
        <pin num="8" name="A2" type="input"/>
        <pin num="9" name="SD0" type="bidirectional"/>
        <pin num="10" name="SC0" type="output"/>
        <pin num="11" name="SD1" type="bidirectional"/>
        <pin num="12" name="SC1" type="output"/>
        <pin num="13" name="SD2" type="bidirectional"/>
        <pin num="14" name="SC2" type="output"/>
        <pin num="15" name="SD3" type="bidirectional"/>
        <pin num="16" name="SC3" type="output"/>
        <pin num="17" name="SD4" type="bidirectional"/>
        <pin num="18" name="SC4" type="output"/>
        <pin num="19" name="SD5" type="bidirectional"/>
        <pin num="20" name="SC5" type="output"/>
        <pin num="21" name="SD6" type="bidirectional"/>
        <pin num="22" name="SC6" type="output"/>
        <pin num="23" name="SD7" type="bidirectional"/>
        <pin num="24" name="SC7" type="output"/>
      </pins>
    </libpart>
    <libpart lib="Oscillator" part="OCXO-14">
      <description>Voltage-Controlled Crystal Clock Oscillator, DIP14-style metal package</description>
      <docs>http://www.petermann-technik.de/fileadmin/petermann/pdf/crystal-oscillators/OCXO-14_PETERMANN-TECHNIK.pdf</docs>
      <footprints>
        <fp>Oscillator*DIP*14*</fp>
      </footprints>
      <fields>
        <field name="Reference">X</field>
        <field name="Value">OCXO-14</field>
        <field name="Footprint">Oscillator:Oscillator_DIP-14</field>
        <field name="Datasheet">http://www.petermann-technik.de/fileadmin/petermann/pdf/crystal-oscillators/OCXO-14_PETERMANN-TECHNIK.pdf</field>
      </fields>
      <pins>
        <pin num="1" name="Vcontrol" type="input"/>
        <pin num="7" name="GND" type="power_in"/>
        <pin num="8" name="OUT" type="output"/>
        <pin num="14" name="Vcc" type="power_in"/>
      </pins>
    </libpart>
    <libpart lib="Regulator_Linear" part="LT1083-3.3">
      <description>7.5A 20V LDO Linear Regulator, Fixed Output 3.3V, TO-220/TO-263</description>
      <docs>https://www.analog.com/media/en/technical-documentation/data-sheets/1083ffe.pdf</docs>
      <footprints>
        <fp>TO?220*</fp>
        <fp>TO?263*</fp>
      </footprints>
      <fields>
        <field name="Reference">U</field>
        <field name="Value">LT1083-3.3</field>
        <field name="Datasheet">https://www.analog.com/media/en/technical-documentation/data-sheets/1083ffe.pdf</field>
      </fields>
      <pins>
        <pin num="1" name="GND" type="power_in"/>
        <pin num="2" name="VO" type="power_out"/>
        <pin num="3" name="VI" type="power_in"/>
      </pins>
    </libpart>
  </libparts>
  <libraries>
    <library logical="74xx">
      <uri>C:\Program Files\KiCad\6.0\share\kicad\symbols\/74xx.kicad_sym</uri>
    </library>
    <library logical="Connector">
      <uri>C:\Program Files\KiCad\6.0\share\kicad\symbols\/Connector.kicad_sym</uri>
    </library>
    <library logical="Device">
      <uri>C:\Program Files\KiCad\6.0\share\kicad\symbols\/Device.kicad_sym</uri>
    </library>
    <library logical="MCU_Module">
      <uri>C:\Program Files\KiCad\6.0\share\kicad\symbols\/MCU_Module.kicad_sym</uri>
    </library>
    <library logical="OCXO_Clock">
      <uri>C:/Users/Gavin.Watkins/Documents/KiCad/6.0/symbols/OCXO_Clock.kicad_sym</uri>
    </library>
    <library logical="Oscillator">
      <uri>C:\Program Files\KiCad\6.0\share\kicad\symbols\/Oscillator.kicad_sym</uri>
    </library>
    <library logical="Regulator_Linear">
      <uri>C:\Program Files\KiCad\6.0\share\kicad\symbols\/Regulator_Linear.kicad_sym</uri>
    </library>
  </libraries>
  <nets>
    <net code="1" name="Net-(A1-Pad5)">
      <node ref="A1" pin="5" pinfunction="D2" pintype="bidirectional"/>
      <node ref="A8" pin="5" pinfunction="~{RESET}" pintype="input"/>
    </net>
    <net code="2" name="Net-(A1-Pad6)">
      <node ref="A1" pin="6" pinfunction="D3" pintype="bidirectional"/>
      <node ref="J1" pin="1" pinfunction="Pin_1" pintype="passive"/>
      <node ref="J2" pin="1" pinfunction="Pin_1" pintype="passive"/>
      <node ref="R2" pin="2" pintype="passive"/>
    </net>
    <net code="3" name="Net-(A1-Pad7)">
      <node ref="A1" pin="7" pinfunction="D4" pintype="bidirectional"/>
      <node ref="J1" pin="3" pinfunction="Pin_3" pintype="passive"/>
      <node ref="J2" pin="3" pinfunction="Pin_3" pintype="passive"/>
      <node ref="R1" pin="2" pintype="passive"/>
    </net>
    <net code="4" name="Net-(A1-Pad8)">
      <node ref="A1" pin="8" pinfunction="D5" pintype="bidirectional"/>
      <node ref="U3" pin="7" pinfunction="Q3" pintype="output"/>
    </net>
    <net code="5" name="Net-(A1-Pad13)">
      <node ref="A1" pin="13" pinfunction="D10" pintype="bidirectional"/>
      <node ref="C4" pin="1" pintype="passive"/>
      <node ref="R6" pin="2" pintype="passive"/>
    </net>
    <net code="6" name="Net-(A1-Pad14)">
      <node ref="A1" pin="14" pinfunction="D11" pintype="bidirectional"/>
      <node ref="C2" pin="1" pintype="passive"/>
      <node ref="R5" pin="1" pintype="passive"/>
    </net>
    <net code="7" name="Net-(A1-Pad15)">
      <node ref="A1" pin="15" pinfunction="D12" pintype="bidirectional"/>
      <node ref="C3" pin="1" pintype="passive"/>
      <node ref="R7" pin="2" pintype="passive"/>
    </net>
    <net code="8" name="Net-(A1-Pad23)">
      <node ref="A1" pin="23" pinfunction="A4" pintype="bidirectional"/>
      <node ref="A8" pin="3" pinfunction="SDA" pintype="bidirectional"/>
      <node ref="R10" pin="2" pintype="passive"/>
    </net>
    <net code="9" name="Net-(A1-Pad24)">
      <node ref="A1" pin="24" pinfunction="A5" pintype="bidirectional"/>
      <node ref="A8" pin="4" pinfunction="SCL" pintype="input"/>
      <node ref="R9" pin="2" pintype="passive"/>
    </net>
    <net code="10" name="Net-(A1-Pad27)">
      <node ref="A1" pin="27" pinfunction="+5V" pintype="power_out"/>
      <node ref="C1" pin="1" pintype="passive"/>
      <node ref="C10" pin="2" pintype="passive"/>
      <node ref="C12" pin="1" pintype="passive"/>
      <node ref="C5" pin="1" pintype="passive"/>
      <node ref="C9" pin="1" pintype="passive"/>
      <node ref="D1" pin="2" pinfunction="A" pintype="passive"/>
      <node ref="D3" pin="2" pinfunction="A" pintype="passive"/>
      <node ref="J1" pin="2" pinfunction="Pin_2" pintype="passive"/>
      <node ref="J2" pin="2" pinfunction="Pin_2" pintype="passive"/>
      <node ref="R3" pin="1" pintype="passive"/>
      <node ref="R4" pin="1" pintype="passive"/>
      <node ref="R8" pin="2" pintype="passive"/>
      <node ref="U1" pin="3" pinfunction="VI" pintype="power_in"/>
      <node ref="U2" pin="3" pinfunction="VI" pintype="power_in"/>
      <node ref="U3" pin="11" pinfunction="Pl" pintype="input"/>
      <node ref="U3" pin="16" pinfunction="VCC" pintype="power_in"/>
    </net>
    <net code="11" name="Net-(A1-Pad29)">
      <node ref="A1" pin="29" pinfunction="GND" pintype="power_in"/>
      <node ref="A1" pin="4" pinfunction="GND" pintype="power_in"/>
      <node ref="A2" pin="4" pinfunction="GND" pintype="power_in"/>
      <node ref="A3" pin="4" pinfunction="GND" pintype="power_in"/>
      <node ref="A4" pin="4" pinfunction="GND" pintype="power_in"/>
      <node ref="A5" pin="4" pinfunction="GND" pintype="power_in"/>
      <node ref="A6" pin="4" pinfunction="GND" pintype="power_in"/>
      <node ref="A7" pin="4" pinfunction="GND" pintype="power_in"/>
      <node ref="A8" pin="2" pinfunction="GND" pintype="power_in"/>
      <node ref="C1" pin="2" pintype="passive"/>
      <node ref="C10" pin="1" pintype="passive"/>
      <node ref="C11" pin="2" pintype="passive"/>
      <node ref="C12" pin="2" pintype="passive"/>
      <node ref="C2" pin="2" pintype="passive"/>
      <node ref="C3" pin="2" pintype="passive"/>
      <node ref="C4" pin="2" pintype="passive"/>
      <node ref="C5" pin="2" pintype="passive"/>
      <node ref="C6" pin="2" pintype="passive"/>
      <node ref="C7" pin="1" pintype="passive"/>
      <node ref="C8" pin="2" pintype="passive"/>
      <node ref="C9" pin="2" pintype="passive"/>
      <node ref="J1" pin="7" pinfunction="Pin_7" pintype="passive"/>
      <node ref="J2" pin="7" pinfunction="Pin_7" pintype="passive"/>
      <node ref="J3" pin="14" pinfunction="Pin_14" pintype="passive"/>
      <node ref="J4" pin="14" pinfunction="Pin_14" pintype="passive"/>
      <node ref="SW1" pin="C" pinfunction="C" pintype="passive"/>
      <node ref="SW1" pin="S2" pinfunction="S2" pintype="passive"/>
      <node ref="U1" pin="1" pinfunction="GND" pintype="power_in"/>
      <node ref="U2" pin="1" pinfunction="GND" pintype="power_in"/>
      <node ref="U3" pin="4" pinfunction="Ce" pintype="input"/>
      <node ref="U3" pin="5" pinfunction="D/U" pintype="input"/>
      <node ref="U3" pin="8" pinfunction="GND" pintype="power_in"/>
      <node ref="X1" pin="7" pinfunction="GND" pintype="power_in"/>
    </net>
    <net code="12" name="Net-(A2-Pad2)">
      <node ref="A2" pin="2" pinfunction="3V3" pintype="power_in"/>
      <node ref="A3" pin="2" pinfunction="3V3" pintype="power_in"/>
      <node ref="A4" pin="2" pinfunction="3V3" pintype="power_in"/>
      <node ref="A5" pin="2" pinfunction="3V3" pintype="power_in"/>
      <node ref="A6" pin="2" pinfunction="3V3" pintype="power_in"/>
      <node ref="A7" pin="2" pinfunction="3V3" pintype="power_in"/>
      <node ref="A8" pin="1" pinfunction="VCC" pintype="power_in"/>
      <node ref="A8" pin="6" pinfunction="A0" pintype="input"/>
      <node ref="A8" pin="7" pinfunction="A1" pintype="input"/>
      <node ref="A8" pin="8" pinfunction="A2" pintype="input"/>
      <node ref="C6" pin="1" pintype="passive"/>
      <node ref="C7" pin="2" pintype="passive"/>
      <node ref="J3" pin="1" pinfunction="Pin_1" pintype="passive"/>
      <node ref="J4" pin="1" pinfunction="Pin_1" pintype="passive"/>
      <node ref="R10" pin="1" pintype="passive"/>
      <node ref="R9" pin="1" pintype="passive"/>
      <node ref="U1" pin="2" pinfunction="VO" pintype="power_out"/>
    </net>
    <net code="13" name="Net-(A2-Pad17)">
      <node ref="A2" pin="17" pinfunction="SDA" pintype="bidirectional"/>
      <node ref="A8" pin="9" pinfunction="SD0" pintype="bidirectional"/>
      <node ref="J3" pin="3" pinfunction="Pin_3" pintype="passive"/>
      <node ref="J4" pin="3" pinfunction="Pin_3" pintype="passive"/>
    </net>
    <net code="14" name="Net-(A2-Pad18)">
      <node ref="A2" pin="18" pinfunction="SCL" pintype="bidirectional"/>
      <node ref="A8" pin="10" pinfunction="SC0" pintype="output"/>
      <node ref="J3" pin="2" pinfunction="Pin_2" pintype="passive"/>
      <node ref="J4" pin="2" pinfunction="Pin_2" pintype="passive"/>
    </net>
    <net code="15" name="Net-(A3-Pad17)">
      <node ref="A3" pin="17" pinfunction="SDA" pintype="bidirectional"/>
      <node ref="A8" pin="11" pinfunction="SD1" pintype="bidirectional"/>
      <node ref="J3" pin="5" pinfunction="Pin_5" pintype="passive"/>
      <node ref="J4" pin="5" pinfunction="Pin_5" pintype="passive"/>
    </net>
    <net code="16" name="Net-(A3-Pad18)">
      <node ref="A3" pin="18" pinfunction="SCL" pintype="bidirectional"/>
      <node ref="A8" pin="12" pinfunction="SC1" pintype="output"/>
      <node ref="J3" pin="4" pinfunction="Pin_4" pintype="passive"/>
      <node ref="J4" pin="4" pinfunction="Pin_4" pintype="passive"/>
    </net>
    <net code="17" name="Net-(A4-Pad17)">
      <node ref="A4" pin="17" pinfunction="SDA" pintype="bidirectional"/>
      <node ref="A8" pin="13" pinfunction="SD2" pintype="bidirectional"/>
      <node ref="J3" pin="7" pinfunction="Pin_7" pintype="passive"/>
      <node ref="J4" pin="7" pinfunction="Pin_7" pintype="passive"/>
    </net>
    <net code="18" name="Net-(A4-Pad18)">
      <node ref="A4" pin="18" pinfunction="SCL" pintype="bidirectional"/>
      <node ref="A8" pin="14" pinfunction="SC2" pintype="output"/>
      <node ref="J3" pin="6" pinfunction="Pin_6" pintype="passive"/>
      <node ref="J4" pin="6" pinfunction="Pin_6" pintype="passive"/>
    </net>
    <net code="19" name="Net-(A5-Pad17)">
      <node ref="A5" pin="17" pinfunction="SDA" pintype="bidirectional"/>
      <node ref="A8" pin="15" pinfunction="SD3" pintype="bidirectional"/>
      <node ref="J3" pin="9" pinfunction="Pin_9" pintype="passive"/>
      <node ref="J4" pin="9" pinfunction="Pin_9" pintype="passive"/>
    </net>
    <net code="20" name="Net-(A5-Pad18)">
      <node ref="A5" pin="18" pinfunction="SCL" pintype="bidirectional"/>
      <node ref="A8" pin="16" pinfunction="SC3" pintype="output"/>
      <node ref="J3" pin="8" pinfunction="Pin_8" pintype="passive"/>
      <node ref="J4" pin="8" pinfunction="Pin_8" pintype="passive"/>
    </net>
    <net code="21" name="Net-(A6-Pad17)">
      <node ref="A6" pin="17" pinfunction="SDA" pintype="bidirectional"/>
      <node ref="A8" pin="17" pinfunction="SD4" pintype="bidirectional"/>
      <node ref="J3" pin="11" pinfunction="Pin_11" pintype="passive"/>
      <node ref="J4" pin="11" pinfunction="Pin_11" pintype="passive"/>
    </net>
    <net code="22" name="Net-(A6-Pad18)">
      <node ref="A6" pin="18" pinfunction="SCL" pintype="bidirectional"/>
      <node ref="A8" pin="18" pinfunction="SC4" pintype="output"/>
      <node ref="J3" pin="10" pinfunction="Pin_10" pintype="passive"/>
      <node ref="J4" pin="10" pinfunction="Pin_10" pintype="passive"/>
    </net>
    <net code="23" name="Net-(A7-Pad17)">
      <node ref="A7" pin="17" pinfunction="SDA" pintype="bidirectional"/>
      <node ref="A8" pin="19" pinfunction="SD5" pintype="bidirectional"/>
      <node ref="J3" pin="13" pinfunction="Pin_13" pintype="passive"/>
      <node ref="J4" pin="13" pinfunction="Pin_13" pintype="passive"/>
    </net>
    <net code="24" name="Net-(A7-Pad18)">
      <node ref="A7" pin="18" pinfunction="SCL" pintype="bidirectional"/>
      <node ref="A8" pin="20" pinfunction="SC5" pintype="output"/>
      <node ref="J3" pin="12" pinfunction="Pin_12" pintype="passive"/>
      <node ref="J4" pin="12" pinfunction="Pin_12" pintype="passive"/>
    </net>
    <net code="25" name="Net-(C11-Pad1)">
      <node ref="C11" pin="1" pintype="passive"/>
      <node ref="C8" pin="1" pintype="passive"/>
      <node ref="U2" pin="2" pinfunction="VO" pintype="power_out"/>
      <node ref="X1" pin="14" pinfunction="Vcc" pintype="power_in"/>
    </net>
    <net code="26" name="Net-(D1-Pad1)">
      <node ref="D1" pin="1" pinfunction="K" pintype="passive"/>
      <node ref="D2" pin="2" pinfunction="A" pintype="passive"/>
    </net>
    <net code="27" name="Net-(D2-Pad1)">
      <node ref="D2" pin="1" pinfunction="K" pintype="passive"/>
      <node ref="R1" pin="1" pintype="passive"/>
    </net>
    <net code="28" name="Net-(D3-Pad1)">
      <node ref="D3" pin="1" pinfunction="K" pintype="passive"/>
      <node ref="D4" pin="2" pinfunction="A" pintype="passive"/>
    </net>
    <net code="29" name="Net-(D4-Pad1)">
      <node ref="D4" pin="1" pinfunction="K" pintype="passive"/>
      <node ref="R2" pin="1" pintype="passive"/>
    </net>
    <net code="30" name="Net-(J1-Pad4)">
      <node ref="J1" pin="4" pinfunction="Pin_4" pintype="passive"/>
      <node ref="J2" pin="4" pinfunction="Pin_4" pintype="passive"/>
      <node ref="R3" pin="2" pintype="passive"/>
      <node ref="R5" pin="2" pintype="passive"/>
      <node ref="SW1" pin="A" pinfunction="A" pintype="passive"/>
    </net>
    <net code="31" name="Net-(J1-Pad5)">
      <node ref="J1" pin="5" pinfunction="Pin_5" pintype="passive"/>
      <node ref="J2" pin="5" pinfunction="Pin_5" pintype="passive"/>
      <node ref="R4" pin="2" pintype="passive"/>
      <node ref="R6" pin="1" pintype="passive"/>
      <node ref="SW1" pin="B" pinfunction="B" pintype="passive"/>
    </net>
    <net code="32" name="Net-(J1-Pad6)">
      <node ref="J1" pin="6" pinfunction="Pin_6" pintype="passive"/>
      <node ref="J2" pin="6" pinfunction="Pin_6" pintype="passive"/>
      <node ref="R7" pin="1" pintype="passive"/>
      <node ref="R8" pin="1" pintype="passive"/>
      <node ref="SW1" pin="S1" pinfunction="S1" pintype="passive"/>
    </net>
    <net code="33" name="Net-(U3-Pad14)">
      <node ref="U3" pin="14" pinfunction="Cp" pintype="input"/>
      <node ref="X1" pin="8" pinfunction="OUT" pintype="output"/>
    </net>
    <net code="34" name="unconnected-(A1-Pad1)">
      <node ref="A1" pin="1" pinfunction="D1/TX" pintype="bidirectional"/>
    </net>
    <net code="35" name="unconnected-(A1-Pad2)">
      <node ref="A1" pin="2" pinfunction="D0/RX" pintype="bidirectional"/>
    </net>
    <net code="36" name="unconnected-(A1-Pad3)">
      <node ref="A1" pin="3" pinfunction="~{RESET}" pintype="input"/>
    </net>
    <net code="37" name="unconnected-(A1-Pad9)">
      <node ref="A1" pin="9" pinfunction="D6" pintype="bidirectional"/>
    </net>
    <net code="38" name="unconnected-(A1-Pad10)">
      <node ref="A1" pin="10" pinfunction="D7" pintype="bidirectional"/>
    </net>
    <net code="39" name="unconnected-(A1-Pad11)">
      <node ref="A1" pin="11" pinfunction="D8" pintype="bidirectional"/>
    </net>
    <net code="40" name="unconnected-(A1-Pad12)">
      <node ref="A1" pin="12" pinfunction="D9" pintype="bidirectional"/>
    </net>
    <net code="41" name="unconnected-(A1-Pad16)">
      <node ref="A1" pin="16" pinfunction="D13" pintype="bidirectional"/>
    </net>
    <net code="42" name="unconnected-(A1-Pad17)">
      <node ref="A1" pin="17" pinfunction="3V3" pintype="power_out"/>
    </net>
    <net code="43" name="unconnected-(A1-Pad18)">
      <node ref="A1" pin="18" pinfunction="AREF" pintype="input"/>
    </net>
    <net code="44" name="unconnected-(A1-Pad19)">
      <node ref="A1" pin="19" pinfunction="A0" pintype="bidirectional"/>
    </net>
    <net code="45" name="unconnected-(A1-Pad20)">
      <node ref="A1" pin="20" pinfunction="A1" pintype="bidirectional"/>
    </net>
    <net code="46" name="unconnected-(A1-Pad21)">
      <node ref="A1" pin="21" pinfunction="A2" pintype="bidirectional"/>
    </net>
    <net code="47" name="unconnected-(A1-Pad22)">
      <node ref="A1" pin="22" pinfunction="A3" pintype="bidirectional"/>
    </net>
    <net code="48" name="unconnected-(A1-Pad25)">
      <node ref="A1" pin="25" pinfunction="A6" pintype="bidirectional"/>
    </net>
    <net code="49" name="unconnected-(A1-Pad26)">
      <node ref="A1" pin="26" pinfunction="A7" pintype="bidirectional"/>
    </net>
    <net code="50" name="unconnected-(A1-Pad28)">
      <node ref="A1" pin="28" pinfunction="~{RESET}" pintype="input"/>
    </net>
    <net code="51" name="unconnected-(A1-Pad30)">
      <node ref="A1" pin="30" pinfunction="VIN" pintype="power_in"/>
    </net>
    <net code="52" name="unconnected-(A2-Pad1)">
      <node ref="A2" pin="1" pinfunction="~{RESET}" pintype="input"/>
    </net>
    <net code="53" name="unconnected-(A2-Pad3)">
      <node ref="A2" pin="3" pinfunction="AREF" pintype="input"/>
    </net>
    <net code="54" name="unconnected-(A2-Pad5)">
      <node ref="A2" pin="5" pinfunction="A0" pintype="bidirectional"/>
    </net>
    <net code="55" name="unconnected-(A2-Pad6)">
      <node ref="A2" pin="6" pinfunction="A1" pintype="bidirectional"/>
    </net>
    <net code="56" name="unconnected-(A2-Pad7)">
      <node ref="A2" pin="7" pinfunction="A2" pintype="bidirectional"/>
    </net>
    <net code="57" name="unconnected-(A2-Pad8)">
      <node ref="A2" pin="8" pinfunction="A3" pintype="bidirectional"/>
    </net>
    <net code="58" name="unconnected-(A2-Pad9)">
      <node ref="A2" pin="9" pinfunction="A4" pintype="bidirectional"/>
    </net>
    <net code="59" name="unconnected-(A2-Pad10)">
      <node ref="A2" pin="10" pinfunction="A5" pintype="bidirectional"/>
    </net>
    <net code="60" name="unconnected-(A2-Pad11)">
      <node ref="A2" pin="11" pinfunction="SCK" pintype="bidirectional"/>
    </net>
    <net code="61" name="unconnected-(A2-Pad12)">
      <node ref="A2" pin="12" pinfunction="MOSI" pintype="bidirectional"/>
    </net>
    <net code="62" name="unconnected-(A2-Pad13)">
      <node ref="A2" pin="13" pinfunction="MISO" pintype="bidirectional"/>
    </net>
    <net code="63" name="unconnected-(A2-Pad14)">
      <node ref="A2" pin="14" pinfunction="RX" pintype="bidirectional"/>
    </net>
    <net code="64" name="unconnected-(A2-Pad15)">
      <node ref="A2" pin="15" pinfunction="TX" pintype="bidirectional"/>
    </net>
    <net code="65" name="unconnected-(A2-Pad16)">
      <node ref="A2" pin="16" pinfunction="SPARE" pintype="bidirectional"/>
    </net>
    <net code="66" name="unconnected-(A2-Pad19)">
      <node ref="A2" pin="19" pinfunction="D0" pintype="bidirectional"/>
    </net>
    <net code="67" name="unconnected-(A2-Pad20)">
      <node ref="A2" pin="20" pinfunction="D1" pintype="bidirectional"/>
    </net>
    <net code="68" name="unconnected-(A2-Pad21)">
      <node ref="A2" pin="21" pinfunction="D2" pintype="bidirectional"/>
    </net>
    <net code="69" name="unconnected-(A2-Pad22)">
      <node ref="A2" pin="22" pinfunction="D3" pintype="bidirectional"/>
    </net>
    <net code="70" name="unconnected-(A2-Pad23)">
      <node ref="A2" pin="23" pinfunction="D4" pintype="bidirectional"/>
    </net>
    <net code="71" name="unconnected-(A2-Pad24)">
      <node ref="A2" pin="24" pinfunction="D5" pintype="bidirectional"/>
    </net>
    <net code="72" name="unconnected-(A2-Pad25)">
      <node ref="A2" pin="25" pinfunction="D6" pintype="bidirectional"/>
    </net>
    <net code="73" name="unconnected-(A2-Pad26)">
      <node ref="A2" pin="26" pinfunction="USB" pintype="power_in"/>
    </net>
    <net code="74" name="unconnected-(A2-Pad27)">
      <node ref="A2" pin="27" pinfunction="EN" pintype="input"/>
    </net>
    <net code="75" name="unconnected-(A2-Pad28)">
      <node ref="A2" pin="28" pinfunction="VBAT" pintype="power_in"/>
    </net>
    <net code="76" name="unconnected-(A3-Pad1)">
      <node ref="A3" pin="1" pinfunction="~{RESET}" pintype="input"/>
    </net>
    <net code="77" name="unconnected-(A3-Pad3)">
      <node ref="A3" pin="3" pinfunction="AREF" pintype="input"/>
    </net>
    <net code="78" name="unconnected-(A3-Pad5)">
      <node ref="A3" pin="5" pinfunction="A0" pintype="bidirectional"/>
    </net>
    <net code="79" name="unconnected-(A3-Pad6)">
      <node ref="A3" pin="6" pinfunction="A1" pintype="bidirectional"/>
    </net>
    <net code="80" name="unconnected-(A3-Pad7)">
      <node ref="A3" pin="7" pinfunction="A2" pintype="bidirectional"/>
    </net>
    <net code="81" name="unconnected-(A3-Pad8)">
      <node ref="A3" pin="8" pinfunction="A3" pintype="bidirectional"/>
    </net>
    <net code="82" name="unconnected-(A3-Pad9)">
      <node ref="A3" pin="9" pinfunction="A4" pintype="bidirectional"/>
    </net>
    <net code="83" name="unconnected-(A3-Pad10)">
      <node ref="A3" pin="10" pinfunction="A5" pintype="bidirectional"/>
    </net>
    <net code="84" name="unconnected-(A3-Pad11)">
      <node ref="A3" pin="11" pinfunction="SCK" pintype="bidirectional"/>
    </net>
    <net code="85" name="unconnected-(A3-Pad12)">
      <node ref="A3" pin="12" pinfunction="MOSI" pintype="bidirectional"/>
    </net>
    <net code="86" name="unconnected-(A3-Pad13)">
      <node ref="A3" pin="13" pinfunction="MISO" pintype="bidirectional"/>
    </net>
    <net code="87" name="unconnected-(A3-Pad14)">
      <node ref="A3" pin="14" pinfunction="RX" pintype="bidirectional"/>
    </net>
    <net code="88" name="unconnected-(A3-Pad15)">
      <node ref="A3" pin="15" pinfunction="TX" pintype="bidirectional"/>
    </net>
    <net code="89" name="unconnected-(A3-Pad16)">
      <node ref="A3" pin="16" pinfunction="SPARE" pintype="bidirectional"/>
    </net>
    <net code="90" name="unconnected-(A3-Pad19)">
      <node ref="A3" pin="19" pinfunction="D0" pintype="bidirectional"/>
    </net>
    <net code="91" name="unconnected-(A3-Pad20)">
      <node ref="A3" pin="20" pinfunction="D1" pintype="bidirectional"/>
    </net>
    <net code="92" name="unconnected-(A3-Pad21)">
      <node ref="A3" pin="21" pinfunction="D2" pintype="bidirectional"/>
    </net>
    <net code="93" name="unconnected-(A3-Pad22)">
      <node ref="A3" pin="22" pinfunction="D3" pintype="bidirectional"/>
    </net>
    <net code="94" name="unconnected-(A3-Pad23)">
      <node ref="A3" pin="23" pinfunction="D4" pintype="bidirectional"/>
    </net>
    <net code="95" name="unconnected-(A3-Pad24)">
      <node ref="A3" pin="24" pinfunction="D5" pintype="bidirectional"/>
    </net>
    <net code="96" name="unconnected-(A3-Pad25)">
      <node ref="A3" pin="25" pinfunction="D6" pintype="bidirectional"/>
    </net>
    <net code="97" name="unconnected-(A3-Pad26)">
      <node ref="A3" pin="26" pinfunction="USB" pintype="power_in"/>
    </net>
    <net code="98" name="unconnected-(A3-Pad27)">
      <node ref="A3" pin="27" pinfunction="EN" pintype="input"/>
    </net>
    <net code="99" name="unconnected-(A3-Pad28)">
      <node ref="A3" pin="28" pinfunction="VBAT" pintype="power_in"/>
    </net>
    <net code="100" name="unconnected-(A4-Pad1)">
      <node ref="A4" pin="1" pinfunction="~{RESET}" pintype="input"/>
    </net>
    <net code="101" name="unconnected-(A4-Pad3)">
      <node ref="A4" pin="3" pinfunction="AREF" pintype="input"/>
    </net>
    <net code="102" name="unconnected-(A4-Pad5)">
      <node ref="A4" pin="5" pinfunction="A0" pintype="bidirectional"/>
    </net>
    <net code="103" name="unconnected-(A4-Pad6)">
      <node ref="A4" pin="6" pinfunction="A1" pintype="bidirectional"/>
    </net>
    <net code="104" name="unconnected-(A4-Pad7)">
      <node ref="A4" pin="7" pinfunction="A2" pintype="bidirectional"/>
    </net>
    <net code="105" name="unconnected-(A4-Pad8)">
      <node ref="A4" pin="8" pinfunction="A3" pintype="bidirectional"/>
    </net>
    <net code="106" name="unconnected-(A4-Pad9)">
      <node ref="A4" pin="9" pinfunction="A4" pintype="bidirectional"/>
    </net>
    <net code="107" name="unconnected-(A4-Pad10)">
      <node ref="A4" pin="10" pinfunction="A5" pintype="bidirectional"/>
    </net>
    <net code="108" name="unconnected-(A4-Pad11)">
      <node ref="A4" pin="11" pinfunction="SCK" pintype="bidirectional"/>
    </net>
    <net code="109" name="unconnected-(A4-Pad12)">
      <node ref="A4" pin="12" pinfunction="MOSI" pintype="bidirectional"/>
    </net>
    <net code="110" name="unconnected-(A4-Pad13)">
      <node ref="A4" pin="13" pinfunction="MISO" pintype="bidirectional"/>
    </net>
    <net code="111" name="unconnected-(A4-Pad14)">
      <node ref="A4" pin="14" pinfunction="RX" pintype="bidirectional"/>
    </net>
    <net code="112" name="unconnected-(A4-Pad15)">
      <node ref="A4" pin="15" pinfunction="TX" pintype="bidirectional"/>
    </net>
    <net code="113" name="unconnected-(A4-Pad16)">
      <node ref="A4" pin="16" pinfunction="SPARE" pintype="bidirectional"/>
    </net>
    <net code="114" name="unconnected-(A4-Pad19)">
      <node ref="A4" pin="19" pinfunction="D0" pintype="bidirectional"/>
    </net>
    <net code="115" name="unconnected-(A4-Pad20)">
      <node ref="A4" pin="20" pinfunction="D1" pintype="bidirectional"/>
    </net>
    <net code="116" name="unconnected-(A4-Pad21)">
      <node ref="A4" pin="21" pinfunction="D2" pintype="bidirectional"/>
    </net>
    <net code="117" name="unconnected-(A4-Pad22)">
      <node ref="A4" pin="22" pinfunction="D3" pintype="bidirectional"/>
    </net>
    <net code="118" name="unconnected-(A4-Pad23)">
      <node ref="A4" pin="23" pinfunction="D4" pintype="bidirectional"/>
    </net>
    <net code="119" name="unconnected-(A4-Pad24)">
      <node ref="A4" pin="24" pinfunction="D5" pintype="bidirectional"/>
    </net>
    <net code="120" name="unconnected-(A4-Pad25)">
      <node ref="A4" pin="25" pinfunction="D6" pintype="bidirectional"/>
    </net>
    <net code="121" name="unconnected-(A4-Pad26)">
      <node ref="A4" pin="26" pinfunction="USB" pintype="power_in"/>
    </net>
    <net code="122" name="unconnected-(A4-Pad27)">
      <node ref="A4" pin="27" pinfunction="EN" pintype="input"/>
    </net>
    <net code="123" name="unconnected-(A4-Pad28)">
      <node ref="A4" pin="28" pinfunction="VBAT" pintype="power_in"/>
    </net>
    <net code="124" name="unconnected-(A5-Pad1)">
      <node ref="A5" pin="1" pinfunction="~{RESET}" pintype="input"/>
    </net>
    <net code="125" name="unconnected-(A5-Pad3)">
      <node ref="A5" pin="3" pinfunction="AREF" pintype="input"/>
    </net>
    <net code="126" name="unconnected-(A5-Pad5)">
      <node ref="A5" pin="5" pinfunction="A0" pintype="bidirectional"/>
    </net>
    <net code="127" name="unconnected-(A5-Pad6)">
      <node ref="A5" pin="6" pinfunction="A1" pintype="bidirectional"/>
    </net>
    <net code="128" name="unconnected-(A5-Pad7)">
      <node ref="A5" pin="7" pinfunction="A2" pintype="bidirectional"/>
    </net>
    <net code="129" name="unconnected-(A5-Pad8)">
      <node ref="A5" pin="8" pinfunction="A3" pintype="bidirectional"/>
    </net>
    <net code="130" name="unconnected-(A5-Pad9)">
      <node ref="A5" pin="9" pinfunction="A4" pintype="bidirectional"/>
    </net>
    <net code="131" name="unconnected-(A5-Pad10)">
      <node ref="A5" pin="10" pinfunction="A5" pintype="bidirectional"/>
    </net>
    <net code="132" name="unconnected-(A5-Pad11)">
      <node ref="A5" pin="11" pinfunction="SCK" pintype="bidirectional"/>
    </net>
    <net code="133" name="unconnected-(A5-Pad12)">
      <node ref="A5" pin="12" pinfunction="MOSI" pintype="bidirectional"/>
    </net>
    <net code="134" name="unconnected-(A5-Pad13)">
      <node ref="A5" pin="13" pinfunction="MISO" pintype="bidirectional"/>
    </net>
    <net code="135" name="unconnected-(A5-Pad14)">
      <node ref="A5" pin="14" pinfunction="RX" pintype="bidirectional"/>
    </net>
    <net code="136" name="unconnected-(A5-Pad15)">
      <node ref="A5" pin="15" pinfunction="TX" pintype="bidirectional"/>
    </net>
    <net code="137" name="unconnected-(A5-Pad16)">
      <node ref="A5" pin="16" pinfunction="SPARE" pintype="bidirectional"/>
    </net>
    <net code="138" name="unconnected-(A5-Pad19)">
      <node ref="A5" pin="19" pinfunction="D0" pintype="bidirectional"/>
    </net>
    <net code="139" name="unconnected-(A5-Pad20)">
      <node ref="A5" pin="20" pinfunction="D1" pintype="bidirectional"/>
    </net>
    <net code="140" name="unconnected-(A5-Pad21)">
      <node ref="A5" pin="21" pinfunction="D2" pintype="bidirectional"/>
    </net>
    <net code="141" name="unconnected-(A5-Pad22)">
      <node ref="A5" pin="22" pinfunction="D3" pintype="bidirectional"/>
    </net>
    <net code="142" name="unconnected-(A5-Pad23)">
      <node ref="A5" pin="23" pinfunction="D4" pintype="bidirectional"/>
    </net>
    <net code="143" name="unconnected-(A5-Pad24)">
      <node ref="A5" pin="24" pinfunction="D5" pintype="bidirectional"/>
    </net>
    <net code="144" name="unconnected-(A5-Pad25)">
      <node ref="A5" pin="25" pinfunction="D6" pintype="bidirectional"/>
    </net>
    <net code="145" name="unconnected-(A5-Pad26)">
      <node ref="A5" pin="26" pinfunction="USB" pintype="power_in"/>
    </net>
    <net code="146" name="unconnected-(A5-Pad27)">
      <node ref="A5" pin="27" pinfunction="EN" pintype="input"/>
    </net>
    <net code="147" name="unconnected-(A5-Pad28)">
      <node ref="A5" pin="28" pinfunction="VBAT" pintype="power_in"/>
    </net>
    <net code="148" name="unconnected-(A6-Pad1)">
      <node ref="A6" pin="1" pinfunction="~{RESET}" pintype="input"/>
    </net>
    <net code="149" name="unconnected-(A6-Pad3)">
      <node ref="A6" pin="3" pinfunction="AREF" pintype="input"/>
    </net>
    <net code="150" name="unconnected-(A6-Pad5)">
      <node ref="A6" pin="5" pinfunction="A0" pintype="bidirectional"/>
    </net>
    <net code="151" name="unconnected-(A6-Pad6)">
      <node ref="A6" pin="6" pinfunction="A1" pintype="bidirectional"/>
    </net>
    <net code="152" name="unconnected-(A6-Pad7)">
      <node ref="A6" pin="7" pinfunction="A2" pintype="bidirectional"/>
    </net>
    <net code="153" name="unconnected-(A6-Pad8)">
      <node ref="A6" pin="8" pinfunction="A3" pintype="bidirectional"/>
    </net>
    <net code="154" name="unconnected-(A6-Pad9)">
      <node ref="A6" pin="9" pinfunction="A4" pintype="bidirectional"/>
    </net>
    <net code="155" name="unconnected-(A6-Pad10)">
      <node ref="A6" pin="10" pinfunction="A5" pintype="bidirectional"/>
    </net>
    <net code="156" name="unconnected-(A6-Pad11)">
      <node ref="A6" pin="11" pinfunction="SCK" pintype="bidirectional"/>
    </net>
    <net code="157" name="unconnected-(A6-Pad12)">
      <node ref="A6" pin="12" pinfunction="MOSI" pintype="bidirectional"/>
    </net>
    <net code="158" name="unconnected-(A6-Pad13)">
      <node ref="A6" pin="13" pinfunction="MISO" pintype="bidirectional"/>
    </net>
    <net code="159" name="unconnected-(A6-Pad14)">
      <node ref="A6" pin="14" pinfunction="RX" pintype="bidirectional"/>
    </net>
    <net code="160" name="unconnected-(A6-Pad15)">
      <node ref="A6" pin="15" pinfunction="TX" pintype="bidirectional"/>
    </net>
    <net code="161" name="unconnected-(A6-Pad16)">
      <node ref="A6" pin="16" pinfunction="SPARE" pintype="bidirectional"/>
    </net>
    <net code="162" name="unconnected-(A6-Pad19)">
      <node ref="A6" pin="19" pinfunction="D0" pintype="bidirectional"/>
    </net>
    <net code="163" name="unconnected-(A6-Pad20)">
      <node ref="A6" pin="20" pinfunction="D1" pintype="bidirectional"/>
    </net>
    <net code="164" name="unconnected-(A6-Pad21)">
      <node ref="A6" pin="21" pinfunction="D2" pintype="bidirectional"/>
    </net>
    <net code="165" name="unconnected-(A6-Pad22)">
      <node ref="A6" pin="22" pinfunction="D3" pintype="bidirectional"/>
    </net>
    <net code="166" name="unconnected-(A6-Pad23)">
      <node ref="A6" pin="23" pinfunction="D4" pintype="bidirectional"/>
    </net>
    <net code="167" name="unconnected-(A6-Pad24)">
      <node ref="A6" pin="24" pinfunction="D5" pintype="bidirectional"/>
    </net>
    <net code="168" name="unconnected-(A6-Pad25)">
      <node ref="A6" pin="25" pinfunction="D6" pintype="bidirectional"/>
    </net>
    <net code="169" name="unconnected-(A6-Pad26)">
      <node ref="A6" pin="26" pinfunction="USB" pintype="power_in"/>
    </net>
    <net code="170" name="unconnected-(A6-Pad27)">
      <node ref="A6" pin="27" pinfunction="EN" pintype="input"/>
    </net>
    <net code="171" name="unconnected-(A6-Pad28)">
      <node ref="A6" pin="28" pinfunction="VBAT" pintype="power_in"/>
    </net>
    <net code="172" name="unconnected-(A7-Pad1)">
      <node ref="A7" pin="1" pinfunction="~{RESET}" pintype="input"/>
    </net>
    <net code="173" name="unconnected-(A7-Pad3)">
      <node ref="A7" pin="3" pinfunction="AREF" pintype="input"/>
    </net>
    <net code="174" name="unconnected-(A7-Pad5)">
      <node ref="A7" pin="5" pinfunction="A0" pintype="bidirectional"/>
    </net>
    <net code="175" name="unconnected-(A7-Pad6)">
      <node ref="A7" pin="6" pinfunction="A1" pintype="bidirectional"/>
    </net>
    <net code="176" name="unconnected-(A7-Pad7)">
      <node ref="A7" pin="7" pinfunction="A2" pintype="bidirectional"/>
    </net>
    <net code="177" name="unconnected-(A7-Pad8)">
      <node ref="A7" pin="8" pinfunction="A3" pintype="bidirectional"/>
    </net>
    <net code="178" name="unconnected-(A7-Pad9)">
      <node ref="A7" pin="9" pinfunction="A4" pintype="bidirectional"/>
    </net>
    <net code="179" name="unconnected-(A7-Pad10)">
      <node ref="A7" pin="10" pinfunction="A5" pintype="bidirectional"/>
    </net>
    <net code="180" name="unconnected-(A7-Pad11)">
      <node ref="A7" pin="11" pinfunction="SCK" pintype="bidirectional"/>
    </net>
    <net code="181" name="unconnected-(A7-Pad12)">
      <node ref="A7" pin="12" pinfunction="MOSI" pintype="bidirectional"/>
    </net>
    <net code="182" name="unconnected-(A7-Pad13)">
      <node ref="A7" pin="13" pinfunction="MISO" pintype="bidirectional"/>
    </net>
    <net code="183" name="unconnected-(A7-Pad14)">
      <node ref="A7" pin="14" pinfunction="RX" pintype="bidirectional"/>
    </net>
    <net code="184" name="unconnected-(A7-Pad15)">
      <node ref="A7" pin="15" pinfunction="TX" pintype="bidirectional"/>
    </net>
    <net code="185" name="unconnected-(A7-Pad16)">
      <node ref="A7" pin="16" pinfunction="SPARE" pintype="bidirectional"/>
    </net>
    <net code="186" name="unconnected-(A7-Pad19)">
      <node ref="A7" pin="19" pinfunction="D0" pintype="bidirectional"/>
    </net>
    <net code="187" name="unconnected-(A7-Pad20)">
      <node ref="A7" pin="20" pinfunction="D1" pintype="bidirectional"/>
    </net>
    <net code="188" name="unconnected-(A7-Pad21)">
      <node ref="A7" pin="21" pinfunction="D2" pintype="bidirectional"/>
    </net>
    <net code="189" name="unconnected-(A7-Pad22)">
      <node ref="A7" pin="22" pinfunction="D3" pintype="bidirectional"/>
    </net>
    <net code="190" name="unconnected-(A7-Pad23)">
      <node ref="A7" pin="23" pinfunction="D4" pintype="bidirectional"/>
    </net>
    <net code="191" name="unconnected-(A7-Pad24)">
      <node ref="A7" pin="24" pinfunction="D5" pintype="bidirectional"/>
    </net>
    <net code="192" name="unconnected-(A7-Pad25)">
      <node ref="A7" pin="25" pinfunction="D6" pintype="bidirectional"/>
    </net>
    <net code="193" name="unconnected-(A7-Pad26)">
      <node ref="A7" pin="26" pinfunction="USB" pintype="power_in"/>
    </net>
    <net code="194" name="unconnected-(A7-Pad27)">
      <node ref="A7" pin="27" pinfunction="EN" pintype="input"/>
    </net>
    <net code="195" name="unconnected-(A7-Pad28)">
      <node ref="A7" pin="28" pinfunction="VBAT" pintype="power_in"/>
    </net>
    <net code="196" name="unconnected-(A8-Pad21)">
      <node ref="A8" pin="21" pinfunction="SD6" pintype="bidirectional"/>
    </net>
    <net code="197" name="unconnected-(A8-Pad22)">
      <node ref="A8" pin="22" pinfunction="SC6" pintype="output"/>
    </net>
    <net code="198" name="unconnected-(A8-Pad23)">
      <node ref="A8" pin="23" pinfunction="SD7" pintype="bidirectional"/>
    </net>
    <net code="199" name="unconnected-(A8-Pad24)">
      <node ref="A8" pin="24" pinfunction="SC7" pintype="output"/>
    </net>
    <net code="200" name="unconnected-(U3-Pad1)">
      <node ref="U3" pin="1" pinfunction="P1" pintype="input"/>
    </net>
    <net code="201" name="unconnected-(U3-Pad2)">
      <node ref="U3" pin="2" pinfunction="Q1" pintype="output"/>
    </net>
    <net code="202" name="unconnected-(U3-Pad3)">
      <node ref="U3" pin="3" pinfunction="Q0" pintype="output"/>
    </net>
    <net code="203" name="unconnected-(U3-Pad6)">
      <node ref="U3" pin="6" pinfunction="Q2" pintype="output"/>
    </net>
    <net code="204" name="unconnected-(U3-Pad9)">
      <node ref="U3" pin="9" pinfunction="P3" pintype="input"/>
    </net>
    <net code="205" name="unconnected-(U3-Pad10)">
      <node ref="U3" pin="10" pinfunction="P2" pintype="input"/>
    </net>
    <net code="206" name="unconnected-(U3-Pad12)">
      <node ref="U3" pin="12" pinfunction="Tc" pintype="output"/>
    </net>
    <net code="207" name="unconnected-(U3-Pad13)">
      <node ref="U3" pin="13" pinfunction="Rc" pintype="output"/>
    </net>
    <net code="208" name="unconnected-(U3-Pad15)">
      <node ref="U3" pin="15" pinfunction="P0" pintype="input"/>
    </net>
    <net code="209" name="unconnected-(X1-Pad1)">
      <node ref="X1" pin="1" pinfunction="Vcontrol" pintype="input"/>
    </net>
  </nets>
</export>
